Workbook

Sheet EXP
A1: TOTAL_BASIC | B1: Statistiques de base au total classées par minutes jouées
A2: PER_GAME_BASIC | B2: Statistiques de base par match classées par minutes jouées

Sheet TOTAL_BASIC
A1: DATA
A2: Rank | B2: Player | C2: G | D2: MP | E2: PTS | F2: FG | G2: FGA | H2: 3P | I2: 3PA | J2: FT | K2: FTA | L2: ORB | M2: DRB | N2: TRB | O2: AST | P2: STL | Q2: BLK | R2: TOV | S2: PF | T2: 2P | U2: 2PA
T3: =F3-H3 -> 0 | U3: =G3-I3 -> 0
T4: =F4-H4 -> 0 | U4: =G4-I4 -> 0
T5: =F5-H5 -> 0 | U5: =G5-I5 -> 0
T6: =F6-H6 -> 0 | U6: =G6-I6 -> 0
T7: =F7-H7 -> 0 | U7: =G7-I7 -> 0
T8: =F8-H8 -> 0 | U8: =G8-I8 -> 0
T9: =F9-H9 -> 0 | U9: =G9-I9 -> 0
T10: =F10-H10 -> 0 | U10: =G10-I10 -> 0
T11: =F11-H11 -> 0 | U11: =G11-I11 -> 0
T12: =F12-H12 -> 0 | U12: =G12-I12 -> 0
T13: =F13-H13 -> 0 | U13: =G13-I13 -> 0
T14: =F14-H14 -> 0 | U14: =G14-I14 -> 0
... T49: =F49-H49 -> 0 | U49: =G49-I49 -> 0
B80: SOMME | C80: =SUM(C3:C49) -> 0 | D80: =SUM(D3:D49) -> 0 | E80: =SUM(E3:E49) -> 0 | F80: =SUM(F3:F49) -> 0 | G80: =SUM(G3:G49) -> 0 | H80: =SUM(H3:H49) -> 0 | I80: =SUM(I3:I49) -> 0 | J80: =SUM(J3:J49) -> 0 | ... U80: =SUM(U3:U49) -> 0
B81: TS Moy | C81: =100*(E80)/(2*(G80+0.44*K80)) -> #DIV/0!
B82: PPP Moy | C82: =(E80)/((G80+0.44*K80+R80)) -> #DIV/0!
B83: 3P% Moy | C83: =100*(H80/I80) -> #DIV/0!
B84: 2P% Moy | C84: =100*(T80/U80) -> #DIV/0!
B85: FG% Moy | C85: =100*(F80/G80) -> #DIV/0!
B86: EFG% Moy | C86: =100*(F80+0.5*H80)/(G80) -> #DIV/0!
B87: FT% Moy | C87: =100*(J80/K80) -> #DIV/0!

Sheet PER_GAME_BASIC
A1: DATA | AM1: CENTILE
A2: Rank | B2: Player | C2: G | D2: MP | E2: PTS | F2: FG | G2: FGA | H2: FG% | I2: 3P | J2: 3PA | K2: 3P% | L2: FT | M2: FTA | N2: FT% | O2: ORB | P2: DRB | Q2: TRB | R2: AST | S2: STL | T2: BLK | U2: TOV | V2: PF | W2: 2P | X2: 2PA | Y2: 2P% | Z2: AST/TO | AA2: TS% | AB2: PPS | AC2: PPP | AD2: EFG% | AE2: TS+ | AF2: PPP+ | AG2: FT+ | AH2: EFG+ | AI2: BLK/PF | AM2: MP | AN2: PTS | AO2: FG | AP2: FGA | AQ2: FG% | AR2: 3P | AS2: 3PA | AT2: 3P% | AU2: FT | AV2: FTA | AW2: FT% | AX2: ORB | AY2: DRB | AZ2: TRB | BA2: AST | BB2: STL | BC2: BLK | BD2: TOV | BE2: PF | BF2: 2P | BG2: 2PA | BH2: 2P% | BI2: AST/TO | BJ2: TS% | BK2: PPS | BL2: PPP | BM2: EFG% | BN2: BLK/PF | BO2: MOYENNE
W3: =F3-I3 -> 0 | X3: =G3-J3 -> 0 | Y3: =IF(X3=0,"0",(W3/X3)*100) -> 0 | Z3: =IF(U3=0,"0",R3/U3) -> 0 | AA3: =100*(E3)/(2*(G3+0.44*M3)) -> #DIV/0! | AB3: =2*AA3/100 -> #DIV/0! | AC3: =(E3)/(G3+0.44*M3+U3) -> #DIV/0! | AD3: =100*(F3+0.5*I3)/(G3) -> #DIV/0! | AE3: =100*(AA3/TOTAL_BASIC!$C$81) -> #DIV/0! | AF3: =100*AC3/TOTAL_BASIC!$C$82 -> #DIV/0! | AG3: =100*N3/TOTAL_BASIC!$C$87 -> #DIV/0! | AH3: =100*AD3/TOTAL_BASIC!$C$86 -> #DIV/0! | AI3: =T3/V3 -> #DIV/0! | AM3: =(PERCENTRANK(D$3:D$78,D3))*100 -> #N/A | AN3: =(PERCENTRANK(E$3:E$78,E3))*100 -> #N/A | AO3: =(PERCENTRANK(F$3:F$78,F3))*100 -> #N/A | AP3: =(PERCENTRANK(G$3:G$78,G3))*100 -> #N/A | AQ3: =(PERCENTRANK(H$3:H$78,H3))*100 -> #N/A | AR3: =(PERCENTRANK(I$3:I$78,I3))*100 -> #N/A | AS3: =(PERCENTRANK(J$3:J$78,J3))*100 -> #N/A | AT3: =(PERCENTRANK(K$3:K$78,K3))*100 -> #N/A | ... BC3: =(PERCENTRANK(T$3:T$78,T3))*100 -> #N/A | BD3: =100-(PERCENTRANK(U$3:U$78,U3))*100 -> #N/A | BE3: =100-(PERCENTRANK(V$3:V$78,V3))*100 -> #N/A | BF3: =(PERCENTRANK(W$3:W$78,W3))*100 -> 0 | BG3: =(PERCENTRANK(X$3:X$78,X3))*100 -> 0 | BH3: =(PERCENTRANK(Y$3:Y$78,Y3))*100 -> #N/A | BI3: =(PERCENTRANK(Z$3:Z$78,Z3))*100 -> #N/A | BJ3: =(PERCENTRANK(AA$3:AA$78,AA3))*100 -> #DIV/0! | BK3: =(PERCENTRANK(AB$3:AB$78,AB3))*100 -> #DIV/0! | BL3: =(PERCENTRANK(AC$3:AC$78,AC3))*100 -> #DIV/0! | BM3: =(PERCENTRANK(AD$3:AD$78,AD3))*100 -> #DIV/0! | BN3: =(PERCENTRANK(AI$3:AI$78,AI3))*100 -> #DIV/0! | BO3: =AVERAGE(AM3:BN3) -> #N/A
W4: =F4-I4 -> 0 | X4: =G4-J4 -> 0 | Y4: =IF(X4=0,"0",(W4/X4)*100) -> 0 | Z4: =IF(U4=0,"0",R4/U4) -> 0 | AA4: =100*(E4)/(2*(G4+0.44*M4)) -> #DIV/0! | AB4: =2*AA4/100 -> #DIV/0! | AC4: =(E4)/(G4+0.44*M4+U4) -> #DIV/0! | AD4: =100*(F4+0.5*I4)/(G4) -> #DIV/0! | AE4: =100*(AA4/TOTAL_BASIC!$C$81) -> #DIV/0! | AF4: =100*AC4/TOTAL_BASIC!$C$82 -> #DIV/0! | AG4: =100*N4/TOTAL_BASIC!$C$87 -> #DIV/0! | AH4: =100*AD4/TOTAL_BASIC!$C$86 -> #DIV/0! | AI4: =T4/V4 -> #DIV/0! | AM4: =(PERCENTRANK(D$3:D$78,D4))*100 -> #N/A | AN4: =(PERCENTRANK(E$3:E$78,E4))*100 -> #N/A | AO4: =(PERCENTRANK(F$3:F$78,F4))*100 -> #N/A | AP4: =(PERCENTRANK(G$3:G$78,G4))*100 -> #N/A | AQ4: =(PERCENTRANK(H$3:H$78,H4))*100 -> #N/A | AR4: =(PERCENTRANK(I$3:I$78,I4))*100 -> #N/A | AS4: =(PERCENTRANK(J$3:J$78,J4))*100 -> #N/A | AT4: =(PERCENTRANK(K$3:K$78,K4))*100 -> #N/A | ... BC4: =(PERCENTRANK(T$3:T$78,T4))*100 -> #N/A | BD4: =100-(PERCENTRANK(U$3:U$78,U4))*100 -> #N/A | BE4: =100-(PERCENTRANK(V$3:V$78,V4))*100 -> #N/A | BF4: =(PERCENTRANK(W$3:W$78,W4))*100 -> 0 | BG4: =(PERCENTRANK(X$3:X$78,X4))*100 -> 0 | BH4: =(PERCENTRANK(Y$3:Y$78,Y4))*100 -> #N/A | BI4: =(PERCENTRANK(Z$3:Z$78,Z4))*100 -> #N/A | BJ4: =(PERCENTRANK(AA$3:AA$78,AA4))*100 -> #DIV/0! | BK4: =(PERCENTRANK(AB$3:AB$78,AB4))*100 -> #DIV/0! | BL4: =(PERCENTRANK(AC$3:AC$78,AC4))*100 -> #DIV/0! | BM4: =(PERCENTRANK(AD$3:AD$78,AD4))*100 -> #DIV/0! | BN4: =(PERCENTRANK(AI$3:AI$78,AI4))*100 -> #DIV/0! | BO4: =AVERAGE(AM4:BN4) -> #N/A
W5: =F5-I5 -> 0 | X5: =G5-J5 -> 0 | Y5: =IF(X5=0,"0",(W5/X5)*100) -> 0 | Z5: =IF(U5=0,"0",R5/U5) -> 0 | AA5: =100*(E5)/(2*(G5+0.44*M5)) -> #DIV/0! | AB5: =2*AA5/100 -> #DIV/0! | AC5: =(E5)/(G5+0.44*M5+U5) -> #DIV/0! | AD5: =100*(F5+0.5*I5)/(G5) -> #DIV/0! | AE5: =100*(AA5/TOTAL_BASIC!$C$81) -> #DIV/0! | AF5: =100*AC5/TOTAL_BASIC!$C$82 -> #DIV/0! | AG5: =100*N5/TOTAL_BASIC!$C$87 -> #DIV/0! | AH5: =100*AD5/TOTAL_BASIC!$C$86 -> #DIV/0! | AI5: =T5/V5 -> #DIV/0! | AM5: =(PERCENTRANK(D$3:D$78,D5))*100 -> #N/A | AN5: =(PERCENTRANK(E$3:E$78,E5))*100 -> #N/A | AO5: =(PERCENTRANK(F$3:F$78,F5))*100 -> #N/A | AP5: =(PERCENTRANK(G$3:G$78,G5))*100 -> #N/A | AQ5: =(PERCENTRANK(H$3:H$78,H5))*100 -> #N/A | AR5: =(PERCENTRANK(I$3:I$78,I5))*100 -> #N/A | AS5: =(PERCENTRANK(J$3:J$78,J5))*100 -> #N/A | AT5: =(PERCENTRANK(K$3:K$78,K5))*100 -> #N/A | ... BC5: =(PERCENTRANK(T$3:T$78,T5))*100 -> #N/A | BD5: =100-(PERCENTRANK(U$3:U$78,U5))*100 -> #N/A | BE5: =100-(PERCENTRANK(V$3:V$78,V5))*100 -> #N/A | BF5: =(PERCENTRANK(W$3:W$78,W5))*100 -> 0 | BG5: =(PERCENTRANK(X$3:X$78,X5))*100 -> 0 | BH5: =(PERCENTRANK(Y$3:Y$78,Y5))*100 -> #N/A | BI5: =(PERCENTRANK(Z$3:Z$78,Z5))*100 -> #N/A | BJ5: =(PERCENTRANK(AA$3:AA$78,AA5))*100 -> #DIV/0! | BK5: =(PERCENTRANK(AB$3:AB$78,AB5))*100 -> #DIV/0! | BL5: =(PERCENTRANK(AC$3:AC$78,AC5))*100 -> #DIV/0! | BM5: =(PERCENTRANK(AD$3:AD$78,AD5))*100 -> #DIV/0! | BN5: =(PERCENTRANK(AI$3:AI$78,AI5))*100 -> #DIV/0! | BO5: =AVERAGE(AM5:BN5) -> #N/A
W6: =F6-I6 -> 0 | X6: =G6-J6 -> 0 | Y6: =IF(X6=0,"0",(W6/X6)*100) -> 0 | Z6: =IF(U6=0,"0",R6/U6) -> 0 | AA6: =100*(E6)/(2*(G6+0.44*M6)) -> #DIV/0! | AB6: =2*AA6/100 -> #DIV/0! | AC6: =(E6)/(G6+0.44*M6+U6) -> #DIV/0! | AD6: =100*(F6+0.5*I6)/(G6) -> #DIV/0! | AE6: =100*(AA6/TOTAL_BASIC!$C$81) -> #DIV/0! | AF6: =100*AC6/TOTAL_BASIC!$C$82 -> #DIV/0! | AG6: =100*N6/TOTAL_BASIC!$C$87 -> #DIV/0! | AH6: =100*AD6/TOTAL_BASIC!$C$86 -> #DIV/0! | AI6: =T6/V6 -> #DIV/0! | AM6: =(PERCENTRANK(D$3:D$78,D6))*100 -> #N/A | AN6: =(PERCENTRANK(E$3:E$78,E6))*100 -> #N/A | AO6: =(PERCENTRANK(F$3:F$78,F6))*100 -> #N/A | AP6: =(PERCENTRANK(G$3:G$78,G6))*100 -> #N/A | AQ6: =(PERCENTRANK(H$3:H$78,H6))*100 -> #N/A | AR6: =(PERCENTRANK(I$3:I$78,I6))*100 -> #N/A | AS6: =(PERCENTRANK(J$3:J$78,J6))*100 -> #N/A | AT6: =(PERCENTRANK(K$3:K$78,K6))*100 -> #N/A | ... BC6: =(PERCENTRANK(T$3:T$78,T6))*100 -> #N/A | BD6: =100-(PERCENTRANK(U$3:U$78,U6))*100 -> #N/A | BE6: =100-(PERCENTRANK(V$3:V$78,V6))*100 -> #N/A | BF6: =(PERCENTRANK(W$3:W$78,W6))*100 -> 0 | BG6: =(PERCENTRANK(X$3:X$78,X6))*100 -> 0 | BH6: =(PERCENTRANK(Y$3:Y$78,Y6))*100 -> #N/A | BI6: =(PERCENTRANK(Z$3:Z$78,Z6))*100 -> #N/A | BJ6: =(PERCENTRANK(AA$3:AA$78,AA6))*100 -> #DIV/0! | BK6: =(PERCENTRANK(AB$3:AB$78,AB6))*100 -> #DIV/0! | BL6: =(PERCENTRANK(AC$3:AC$78,AC6))*100 -> #DIV/0! | BM6: =(PERCENTRANK(AD$3:AD$78,AD6))*100 -> #DIV/0! | BN6: =(PERCENTRANK(AI$3:AI$78,AI6))*100 -> #DIV/0! | BO6: =AVERAGE(AM6:BN6) -> #N/A
W7: =F7-I7 -> 0 | X7: =G7-J7 -> 0 | Y7: =IF(X7=0,"0",(W7/X7)*100) -> 0 | Z7: =IF(U7=0,"0",R7/U7) -> 0 | AA7: =100*(E7)/(2*(G7+0.44*M7)) -> #DIV/0! | AB7: =2*AA7/100 -> #DIV/0! | AC7: =(E7)/(G7+0.44*M7+U7) -> #DIV/0! | AD7: =100*(F7+0.5*I7)/(G7) -> #DIV/0! | AE7: =100*(AA7/TOTAL_BASIC!$C$81) -> #DIV/0! | AF7: =100*AC7/TOTAL_BASIC!$C$82 -> #DIV/0! | AG7: =100*N7/TOTAL_BASIC!$C$87 -> #DIV/0! | AH7: =100*AD7/TOTAL_BASIC!$C$86 -> #DIV/0! | AI7: =T7/V7 -> #DIV/0! | AM7: =(PERCENTRANK(D$3:D$78,D7))*100 -> #N/A | AN7: =(PERCENTRANK(E$3:E$78,E7))*100 -> #N/A | AO7: =(PERCENTRANK(F$3:F$78,F7))*100 -> #N/A | AP7: =(PERCENTRANK(G$3:G$78,G7))*100 -> #N/A | AQ7: =(PERCENTRANK(H$3:H$78,H7))*100 -> #N/A | AR7: =(PERCENTRANK(I$3:I$78,I7))*100 -> #N/A | AS7: =(PERCENTRANK(J$3:J$78,J7))*100 -> #N/A | AT7: =(PERCENTRANK(K$3:K$78,K7))*100 -> #N/A | ... BC7: =(PERCENTRANK(T$3:T$78,T7))*100 -> #N/A | BD7: =100-(PERCENTRANK(U$3:U$78,U7))*100 -> #N/A | BE7: =100-(PERCENTRANK(V$3:V$78,V7))*100 -> #N/A | BF7: =(PERCENTRANK(W$3:W$78,W7))*100 -> 0 | BG7: =(PERCENTRANK(X$3:X$78,X7))*100 -> 0 | BH7: =(PERCENTRANK(Y$3:Y$78,Y7))*100 -> #N/A | BI7: =(PERCENTRANK(Z$3:Z$78,Z7))*100 -> #N/A | BJ7: =(PERCENTRANK(AA$3:AA$78,AA7))*100 -> #DIV/0! | BK7: =(PERCENTRANK(AB$3:AB$78,AB7))*100 -> #DIV/0! | BL7: =(PERCENTRANK(AC$3:AC$78,AC7))*100 -> #DIV/0! | BM7: =(PERCENTRANK(AD$3:AD$78,AD7))*100 -> #DIV/0! | BN7: =(PERCENTRANK(AI$3:AI$78,AI7))*100 -> #DIV/0! | BO7: =AVERAGE(AM7:BN7) -> #N/A
W8: =F8-I8 -> 0 | X8: =G8-J8 -> 0 | Y8: =IF(X8=0,"0",(W8/X8)*100) -> 0 | Z8: =IF(U8=0,"0",R8/U8) -> 0 | AA8: =100*(E8)/(2*(G8+0.44*M8)) -> #DIV/0! | AB8: =2*AA8/100 -> #DIV/0! | AC8: =(E8)/(G8+0.44*M8+U8) -> #DIV/0! | AD8: =100*(F8+0.5*I8)/(G8) -> #DIV/0! | AE8: =100*(AA8/TOTAL_BASIC!$C$81) -> #DIV/0! | AF8: =100*AC8/TOTAL_BASIC!$C$82 -> #DIV/0! | AG8: =100*N8/TOTAL_BASIC!$C$87 -> #DIV/0! | AH8: =100*AD8/TOTAL_BASIC!$C$86 -> #DIV/0! | AI8: =T8/V8 -> #DIV/0! | AM8: =(PERCENTRANK(D$3:D$78,D8))*100 -> #N/A | AN8: =(PERCENTRANK(E$3:E$78,E8))*100 -> #N/A | AO8: =(PERCENTRANK(F$3:F$78,F8))*100 -> #N/A | AP8: =(PERCENTRANK(G$3:G$78,G8))*100 -> #N/A | AQ8: =(PERCENTRANK(H$3:H$78,H8))*100 -> #N/A | AR8: =(PERCENTRANK(I$3:I$78,I8))*100 -> #N/A | AS8: =(PERCENTRANK(J$3:J$78,J8))*100 -> #N/A | AT8: =(PERCENTRANK(K$3:K$78,K8))*100 -> #N/A | ... BC8: =(PERCENTRANK(T$3:T$78,T8))*100 -> #N/A | BD8: =100-(PERCENTRANK(U$3:U$78,U8))*100 -> #N/A | BE8: =100-(PERCENTRANK(V$3:V$78,V8))*100 -> #N/A | BF8: =(PERCENTRANK(W$3:W$78,W8))*100 -> 0 | BG8: =(PERCENTRANK(X$3:X$78,X8))*100 -> 0 | BH8: =(PERCENTRANK(Y$3:Y$78,Y8))*100 -> #N/A | BI8: =(PERCENTRANK(Z$3:Z$78,Z8))*100 -> #N/A | BJ8: =(PERCENTRANK(AA$3:AA$78,AA8))*100 -> #DIV/0! | BK8: =(PERCENTRANK(AB$3:AB$78,AB8))*100 -> #DIV/0! | BL8: =(PERCENTRANK(AC$3:AC$78,AC8))*100 -> #DIV/0! | BM8: =(PERCENTRANK(AD$3:AD$78,AD8))*100 -> #DIV/0! | BN8: =(PERCENTRANK(AI$3:AI$78,AI8))*100 -> #DIV/0! | BO8: =AVERAGE(AM8:BN8) -> #N/A
W9: =F9-I9 -> 0 | X9: =G9-J9 -> 0 | Y9: =IF(X9=0,"0",(W9/X9)*100) -> 0 | Z9: =IF(U9=0,"0",R9/U9) -> 0 | AA9: =100*(E9)/(2*(G9+0.44*M9)) -> #DIV/0! | AB9: =2*AA9/100 -> #DIV/0! | AC9: =(E9)/(G9+0.44*M9+U9) -> #DIV/0! | AD9: =100*(F9+0.5*I9)/(G9) -> #DIV/0! | AE9: =100*(AA9/TOTAL_BASIC!$C$81) -> #DIV/0! | AF9: =100*AC9/TOTAL_BASIC!$C$82 -> #DIV/0! | AG9: =100*N9/TOTAL_BASIC!$C$87 -> #DIV/0! | AH9: =100*AD9/TOTAL_BASIC!$C$86 -> #DIV/0! | AI9: =T9/V9 -> #DIV/0! | AM9: =(PERCENTRANK(D$3:D$78,D9))*100 -> #N/A | AN9: =(PERCENTRANK(E$3:E$78,E9))*100 -> #N/A | AO9: =(PERCENTRANK(F$3:F$78,F9))*100 -> #N/A | AP9: =(PERCENTRANK(G$3:G$78,G9))*100 -> #N/A | AQ9: =(PERCENTRANK(H$3:H$78,H9))*100 -> #N/A | AR9: =(PERCENTRANK(I$3:I$78,I9))*100 -> #N/A | AS9: =(PERCENTRANK(J$3:J$78,J9))*100 -> #N/A | AT9: =(PERCENTRANK(K$3:K$78,K9))*100 -> #N/A | ... BC9: =(PERCENTRANK(T$3:T$78,T9))*100 -> #N/A | BD9: =100-(PERCENTRANK(U$3:U$78,U9))*100 -> #N/A | BE9: =100-(PERCENTRANK(V$3:V$78,V9))*100 -> #N/A | BF9: =(PERCENTRANK(W$3:W$78,W9))*100 -> 0 | BG9: =(PERCENTRANK(X$3:X$78,X9))*100 -> 0 | BH9: =(PERCENTRANK(Y$3:Y$78,Y9))*100 -> #N/A | BI9: =(PERCENTRANK(Z$3:Z$78,Z9))*100 -> #N/A | BJ9: =(PERCENTRANK(AA$3:AA$78,AA9))*100 -> #DIV/0! | BK9: =(PERCENTRANK(AB$3:AB$78,AB9))*100 -> #DIV/0! | BL9: =(PERCENTRANK(AC$3:AC$78,AC9))*100 -> #DIV/0! | BM9: =(PERCENTRANK(AD$3:AD$78,AD9))*100 -> #DIV/0! | BN9: =(PERCENTRANK(AI$3:AI$78,AI9))*100 -> #DIV/0! | BO9: =AVERAGE(AM9:BN9) -> #N/A
W10: =F10-I10 -> 0 | X10: =G10-J10 -> 0 | Y10: =IF(X10=0,"0",(W10/X10)*100) -> 0 | Z10: =IF(U10=0,"0",R10/U10) -> 0 | AA10: =100*(E10)/(2*(G10+0.44*M10)) -> #DIV/0! | AB10: =2*AA10/100 -> #DIV/0! | AC10: =(E10)/(G10+0.44*M10+U10) -> #DIV/0! | AD10: =100*(F10+0.5*I10)/(G10) -> #DIV/0! | AE10: =100*(AA10/TOTAL_BASIC!$C$81) -> #DIV/0! | AF10: =100*AC10/TOTAL_BASIC!$C$82 -> #DIV/0! | AG10: =100*N10/TOTAL_BASIC!$C$87 -> #DIV/0! | AH10: =100*AD10/TOTAL_BASIC!$C$86 -> #DIV/0! | AI10: =T10/V10 -> #DIV/0! | AM10: =(PERCENTRANK(D$3:D$78,D10))*100 -> #N/A | AN10: =(PERCENTRANK(E$3:E$78,E10))*100 -> #N/A | AO10: =(PERCENTRANK(F$3:F$78,F10))*100 -> #N/A | AP10: =(PERCENTRANK(G$3:G$78,G10))*100 -> #N/A | AQ10: =(PERCENTRANK(H$3:H$78,H10))*100 -> #N/A | AR10: =(PERCENTRANK(I$3:I$78,I10))*100 -> #N/A | AS10: =(PERCENTRANK(J$3:J$78,J10))*100 -> #N/A | AT10: =(PERCENTRANK(K$3:K$78,K10))*100 -> #N/A | ... BC10: =(PERCENTRANK(T$3:T$78,T10))*100 -> #N/A | BD10: =100-(PERCENTRANK(U$3:U$78,U10))*100 -> #N/A | BE10: =100-(PERCENTRANK(V$3:V$78,V10))*100 -> #N/A | BF10: =(PERCENTRANK(W$3:W$78,W10))*100 -> 0 | BG10: =(PERCENTRANK(X$3:X$78,X10))*100 -> 0 | BH10: =(PERCENTRANK(Y$3:Y$78,Y10))*100 -> #N/A | BI10: =(PERCENTRANK(Z$3:Z$78,Z10))*100 -> #N/A | BJ10: =(PERCENTRANK(AA$3:AA$78,AA10))*100 -> #DIV/0! | BK10: =(PERCENTRANK(AB$3:AB$78,AB10))*100 -> #DIV/0! | BL10: =(PERCENTRANK(AC$3:AC$78,AC10))*100 -> #DIV/0! | BM10: =(PERCENTRANK(AD$3:AD$78,AD10))*100 -> #DIV/0! | BN10: =(PERCENTRANK(AI$3:AI$78,AI10))*100 -> #DIV/0! | BO10: =AVERAGE(AM10:BN10) -> #N/A
W11: =F11-I11 -> 0 | X11: =G11-J11 -> 0 | Y11: =IF(X11=0,"0",(W11/X11)*100) -> 0 | Z11: =IF(U11=0,"0",R11/U11) -> 0 | AA11: =100*(E11)/(2*(G11+0.44*M11)) -> #DIV/0! | AB11: =2*AA11/100 -> #DIV/0! | AC11: =(E11)/(G11+0.44*M11+U11) -> #DIV/0! | AD11: =100*(F11+0.5*I11)/(G11) -> #DIV/0! | AE11: =100*(AA11/TOTAL_BASIC!$C$81) -> #DIV/0! | AF11: =100*AC11/TOTAL_BASIC!$C$82 -> #DIV/0! | AG11: =100*N11/TOTAL_BASIC!$C$87 -> #DIV/0! | AH11: =100*AD11/TOTAL_BASIC!$C$86 -> #DIV/0! | AI11: =T11/V11 -> #DIV/0! | AM11: =(PERCENTRANK(D$3:D$78,D11))*100 -> #N/A | AN11: =(PERCENTRANK(E$3:E$78,E11))*100 -> #N/A | AO11: =(PERCENTRANK(F$3:F$78,F11))*100 -> #N/A | AP11: =(PERCENTRANK(G$3:G$78,G11))*100 -> #N/A | AQ11: =(PERCENTRANK(H$3:H$78,H11))*100 -> #N/A | AR11: =(PERCENTRANK(I$3:I$78,I11))*100 -> #N/A | AS11: =(PERCENTRANK(J$3:J$78,J11))*100 -> #N/A | AT11: =(PERCENTRANK(K$3:K$78,K11))*100 -> #N/A | ... BC11: =(PERCENTRANK(T$3:T$78,T11))*100 -> #N/A | BD11: =100-(PERCENTRANK(U$3:U$78,U11))*100 -> #N/A | BE11: =100-(PERCENTRANK(V$3:V$78,V11))*100 -> #N/A | BF11: =(PERCENTRANK(W$3:W$78,W11))*100 -> 0 | BG11: =(PERCENTRANK(X$3:X$78,X11))*100 -> 0 | BH11: =(PERCENTRANK(Y$3:Y$78,Y11))*100 -> #N/A | BI11: =(PERCENTRANK(Z$3:Z$78,Z11))*100 -> #N/A | BJ11: =(PERCENTRANK(AA$3:AA$78,AA11))*100 -> #DIV/0! | BK11: =(PERCENTRANK(AB$3:AB$78,AB11))*100 -> #DIV/0! | BL11: =(PERCENTRANK(AC$3:AC$78,AC11))*100 -> #DIV/0! | BM11: =(PERCENTRANK(AD$3:AD$78,AD11))*100 -> #DIV/0! | BN11: =(PERCENTRANK(AI$3:AI$78,AI11))*100 -> #DIV/0! | BO11: =AVERAGE(AM11:BN11) -> #N/A
W12: =F12-I12 -> 0 | X12: =G12-J12 -> 0 | Y12: =IF(X12=0,"0",(W12/X12)*100) -> 0 | Z12: =IF(U12=0,"0",R12/U12) -> 0 | AA12: =100*(E12)/(2*(G12+0.44*M12)) -> #DIV/0! | AB12: =2*AA12/100 -> #DIV/0! | AC12: =(E12)/(G12+0.44*M12+U12) -> #DIV/0! | AD12: =100*(F12+0.5*I12)/(G12) -> #DIV/0! | AE12: =100*(AA12/TOTAL_BASIC!$C$81) -> #DIV/0! | AF12: =100*AC12/TOTAL_BASIC!$C$82 -> #DIV/0! | AG12: =100*N12/TOTAL_BASIC!$C$87 -> #DIV/0! | AH12: =100*AD12/TOTAL_BASIC!$C$86 -> #DIV/0! | AI12: =T12/V12 -> #DIV/0! | AM12: =(PERCENTRANK(D$3:D$78,D12))*100 -> #N/A | AN12: =(PERCENTRANK(E$3:E$78,E12))*100 -> #N/A | AO12: =(PERCENTRANK(F$3:F$78,F12))*100 -> #N/A | AP12: =(PERCENTRANK(G$3:G$78,G12))*100 -> #N/A | AQ12: =(PERCENTRANK(H$3:H$78,H12))*100 -> #N/A | AR12: =(PERCENTRANK(I$3:I$78,I12))*100 -> #N/A | AS12: =(PERCENTRANK(J$3:J$78,J12))*100 -> #N/A | AT12: =(PERCENTRANK(K$3:K$78,K12))*100 -> #N/A | ... BC12: =(PERCENTRANK(T$3:T$78,T12))*100 -> #N/A | BD12: =100-(PERCENTRANK(U$3:U$78,U12))*100 -> #N/A | BE12: =100-(PERCENTRANK(V$3:V$78,V12))*100 -> #N/A | BF12: =(PERCENTRANK(W$3:W$78,W12))*100 -> 0 | BG12: =(PERCENTRANK(X$3:X$78,X12))*100 -> 0 | BH12: =(PERCENTRANK(Y$3:Y$78,Y12))*100 -> #N/A | BI12: =(PERCENTRANK(Z$3:Z$78,Z12))*100 -> #N/A | BJ12: =(PERCENTRANK(AA$3:AA$78,AA12))*100 -> #DIV/0! | BK12: =(PERCENTRANK(AB$3:AB$78,AB12))*100 -> #DIV/0! | BL12: =(PERCENTRANK(AC$3:AC$78,AC12))*100 -> #DIV/0! | BM12: =(PERCENTRANK(AD$3:AD$78,AD12))*100 -> #DIV/0! | BN12: =(PERCENTRANK(AI$3:AI$78,AI12))*100 -> #DIV/0! | BO12: =AVERAGE(AM12:BN12) -> #N/A
W13: =F13-I13 -> 0 | X13: =G13-J13 -> 0 | Y13: =IF(X13=0,"0",(W13/X13)*100) -> 0 | Z13: =IF(U13=0,"0",R13/U13) -> 0 | AA13: =100*(E13)/(2*(G13+0.44*M13)) -> #DIV/0! | AB13: =2*AA13/100 -> #DIV/0! | AC13: =(E13)/(G13+0.44*M13+U13) -> #DIV/0! | AD13: =100*(F13+0.5*I13)/(G13) -> #DIV/0! | AE13: =100*(AA13/TOTAL_BASIC!$C$81) -> #DIV/0! | AF13: =100*AC13/TOTAL_BASIC!$C$82 -> #DIV/0! | AG13: =100*N13/TOTAL_BASIC!$C$87 -> #DIV/0! | AH13: =100*AD13/TOTAL_BASIC!$C$86 -> #DIV/0! | AI13: =T13/V13 -> #DIV/0! | AM13: =(PERCENTRANK(D$3:D$78,D13))*100 -> #N/A | AN13: =(PERCENTRANK(E$3:E$78,E13))*100 -> #N/A | AO13: =(PERCENTRANK(F$3:F$78,F13))*100 -> #N/A | AP13: =(PERCENTRANK(G$3:G$78,G13))*100 -> #N/A | AQ13: =(PERCENTRANK(H$3:H$78,H13))*100 -> #N/A | AR13: =(PERCENTRANK(I$3:I$78,I13))*100 -> #N/A | AS13: =(PERCENTRANK(J$3:J$78,J13))*100 -> #N/A | AT13: =(PERCENTRANK(K$3:K$78,K13))*100 -> #N/A | ... BC13: =(PERCENTRANK(T$3:T$78,T13))*100 -> #N/A | BD13: =100-(PERCENTRANK(U$3:U$78,U13))*100 -> #N/A | BE13: =100-(PERCENTRANK(V$3:V$78,V13))*100 -> #N/A | BF13: =(PERCENTRANK(W$3:W$78,W13))*100 -> 0 | BG13: =(PERCENTRANK(X$3:X$78,X13))*100 -> 0 | BH13: =(PERCENTRANK(Y$3:Y$78,Y13))*100 -> #N/A | BI13: =(PERCENTRANK(Z$3:Z$78,Z13))*100 -> #N/A | BJ13: =(PERCENTRANK(AA$3:AA$78,AA13))*100 -> #DIV/0! | BK13: =(PERCENTRANK(AB$3:AB$78,AB13))*100 -> #DIV/0! | BL13: =(PERCENTRANK(AC$3:AC$78,AC13))*100 -> #DIV/0! | BM13: =(PERCENTRANK(AD$3:AD$78,AD13))*100 -> #DIV/0! | BN13: =(PERCENTRANK(AI$3:AI$78,AI13))*100 -> #DIV/0! | BO13: =AVERAGE(AM13:BN13) -> #N/A
W14: =F14-I14 -> 0 | X14: =G14-J14 -> 0 | Y14: =IF(X14=0,"0",(W14/X14)*100) -> 0 | Z14: =IF(U14=0,"0",R14/U14) -> 0 | AA14: =100*(E14)/(2*(G14+0.44*M14)) -> #DIV/0! | AB14: =2*AA14/100 -> #DIV/0! | AC14: =(E14)/(G14+0.44*M14+U14) -> #DIV/0! | AD14: =100*(F14+0.5*I14)/(G14) -> #DIV/0! | AE14: =100*(AA14/TOTAL_BASIC!$C$81) -> #DIV/0! | AF14: =100*AC14/TOTAL_BASIC!$C$82 -> #DIV/0! | AG14: =100*N14/TOTAL_BASIC!$C$87 -> #DIV/0! | AH14: =100*AD14/TOTAL_BASIC!$C$86 -> #DIV/0! | AI14: =T14/V14 -> #DIV/0! | AM14: =(PERCENTRANK(D$3:D$78,D14))*100 -> #N/A | AN14: =(PERCENTRANK(E$3:E$78,E14))*100 -> #N/A | AO14: =(PERCENTRANK(F$3:F$78,F14))*100 -> #N/A | AP14: =(PERCENTRANK(G$3:G$78,G14))*100 -> #N/A | AQ14: =(PERCENTRANK(H$3:H$78,H14))*100 -> #N/A | AR14: =(PERCENTRANK(I$3:I$78,I14))*100 -> #N/A | AS14: =(PERCENTRANK(J$3:J$78,J14))*100 -> #N/A | AT14: =(PERCENTRANK(K$3:K$78,K14))*100 -> #N/A | ... BC14: =(PERCENTRANK(T$3:T$78,T14))*100 -> #N/A | BD14: =100-(PERCENTRANK(U$3:U$78,U14))*100 -> #N/A | BE14: =100-(PERCENTRANK(V$3:V$78,V14))*100 -> #N/A | BF14: =(PERCENTRANK(W$3:W$78,W14))*100 -> 0 | BG14: =(PERCENTRANK(X$3:X$78,X14))*100 -> 0 | BH14: =(PERCENTRANK(Y$3:Y$78,Y14))*100 -> #N/A | BI14: =(PERCENTRANK(Z$3:Z$78,Z14))*100 -> #N/A | BJ14: =(PERCENTRANK(AA$3:AA$78,AA14))*100 -> #DIV/0! | BK14: =(PERCENTRANK(AB$3:AB$78,AB14))*100 -> #DIV/0! | BL14: =(PERCENTRANK(AC$3:AC$78,AC14))*100 -> #DIV/0! | BM14: =(PERCENTRANK(AD$3:AD$78,AD14))*100 -> #DIV/0! | BN14: =(PERCENTRANK(AI$3:AI$78,AI14))*100 -> #DIV/0! | BO14: =AVERAGE(AM14:BN14) -> #N/A
... W49: =F49-I49 -> 0 | X49: =G49-J49 -> 0 | Y49: =IF(X49=0,"0",(W49/X49)*100) -> 0 | Z49: =IF(U49=0,"0",R49/U49) -> 0 | AA49: =100*(E49)/(2*(G49+0.44*M49)) -> #DIV/0! | AB49: =2*AA49/100 -> #DIV/0! | AC49: =(E49)/(G49+0.44*M49+U49) -> #DIV/0! | AD49: =100*(F49+0.5*I49)/(G49) -> #DIV/0! | AE49: =100*(AA49/TOTAL_BASIC!$C$81) -> #DIV/0! | AF49: =100*AC49/TOTAL_BASIC!$C$82 -> #DIV/0! | AG49: =100*N49/TOTAL_BASIC!$C$87 -> #DIV/0! | AH49: =100*AD49/TOTAL_BASIC!$C$86 -> #DIV/0! | AI49: =T49/V49 -> #DIV/0! | AM49: =(PERCENTRANK(D$3:D$78,D49))*100 -> #N/A | AN49: =(PERCENTRANK(E$3:E$78,E49))*100 -> #N/A | AO49: =(PERCENTRANK(F$3:F$78,F49))*100 -> #N/A | AP49: =(PERCENTRANK(G$3:G$78,G49))*100 -> #N/A | AQ49: =(PERCENTRANK(H$3:H$78,H49))*100 -> #N/A | AR49: =(PERCENTRANK(I$3:I$78,I49))*100 -> #N/A | AS49: =(PERCENTRANK(J$3:J$78,J49))*100 -> #N/A | AT49: =(PERCENTRANK(K$3:K$78,K49))*100 -> #N/A | ... BC49: =(PERCENTRANK(T$3:T$78,T49))*100 -> #N/A | BD49: =100-(PERCENTRANK(U$3:U$78,U49))*100 -> #N/A | BE49: =100-(PERCENTRANK(V$3:V$78,V49))*100 -> #N/A | BF49: =(PERCENTRANK(W$3:W$78,W49))*100 -> 0 | BG49: =(PERCENTRANK(X$3:X$78,X49))*100 -> 0 | BH49: =(PERCENTRANK(Y$3:Y$78,Y49))*100 -> #N/A | BI49: =(PERCENTRANK(Z$3:Z$78,Z49))*100 -> #N/A | BJ49: =(PERCENTRANK(AA$3:AA$78,AA49))*100 -> #DIV/0! | BK49: =(PERCENTRANK(AB$3:AB$78,AB49))*100 -> #DIV/0! | BL49: =(PERCENTRANK(AC$3:AC$78,AC49))*100 -> #DIV/0! | BM49: =(PERCENTRANK(AD$3:AD$78,AD49))*100 -> #DIV/0! | BN49: =(PERCENTRANK(AI$3:AI$78,AI49))*100 -> #DIV/0! | BO49: =AVERAGE(AM49:BN49) -> #N/A
